condition,delay_h,metric,change,ci_low,ci_high,excludes_zero
monitored,12,recall,-0.11334130393798875,-0.1728418267891952,-0.06161629587652499,True
monitored,12,precision,-0.059292085532629386,-0.07464097646432004,-0.038438428009911374,True
monitored,12,cost,0.005998071907995426,0.0013938633988041216,0.011232736121181619,True
monitored,24,recall,-0.0832732148922207,-0.12126661129568106,-0.04370776344294634,True
monitored,24,precision,-0.04416350332906619,-0.05702152399750635,-0.024926120843021236,True
monitored,24,cost,0.005694923121578253,0.0016425372218562512,0.010225644555067243,True
monitored,36,recall,-0.12968440679717974,-0.18841095466501626,-0.07456242336740845,True
monitored,36,precision,-0.07309529185582911,-0.08780138267286186,-0.05195715781702485,True
monitored,36,cost,0.00834952873215279,0.0029511129941465495,0.014477387681501329,True
monitored,48,recall,-0.08306457708333648,-0.11944881178821659,-0.04770253224705609,True
monitored,48,precision,-0.046666953714691484,-0.05700391924681475,-0.03145018195667664,True
monitored,48,cost,0.006518244730678528,0.0026734816034588867,0.010955375781399145,True
monitored,72,recall,-0.08656393895978419,-0.1222393900611611,-0.04983058459871998,True
monitored,72,precision,-0.05679781965232668,-0.06754346585260532,-0.0412186568055807,True
monitored,72,cost,0.010769355027096715,0.006878855323478157,0.014867415262118265,True
unmonitored,12,recall,-0.0343034259524084,-0.09375099017743979,0.0063303248514595635,False
unmonitored,12,precision,-0.007647837067665243,-0.03608181011987571,0.016789623561486805,False
unmonitored,12,cost,-0.0002286663450040551,-0.002594106207316706,0.0029698558294869583,False
unmonitored,24,recall,-0.010525063877500341,-0.04458740900818927,0.013314993829699716,False
unmonitored,24,precision,-0.002564964759080577,-0.023692598632287475,0.013488907497244964,False
unmonitored,24,cost,-2.5848807904421647e-05,-0.0019830402043255037,0.00244289906952121,False
unmonitored,36,recall,-0.047707566763001266,-0.11764877279583162,0.001672381091333526,False
unmonitored,36,precision,-0.02151904655298039,-0.05238994141698772,0.00891117144577262,False
unmonitored,36,cost,0.0012314093490661108,-0.0015188002037278495,0.005274812167506746,False
unmonitored,48,recall,-0.026351291964734763,-0.05958432475304636,0.0014391095818996956,False
unmonitored,48,precision,-0.016875864051725437,-0.032197714428715246,-0.00027901816704256735,True
unmonitored,48,cost,0.002016205607179488,0.00013717333293573162,0.004255984380645708,True
unmonitored,72,recall,-0.02977181665696861,-0.06402121185148922,-0.0014067515009628894,True
unmonitored,72,precision,-0.0267982263560799,-0.04259193765175455,-0.008879814210465338,True
unmonitored,72,cost,0.004824064372818742,0.0026397919822066193,0.007409683563767029,True
