condition,delay_h,recall,precision,cost_weighted_loss,avg_precision,flagged_pct
monitored,0,0.14175257731958762,0.08295625942684766,0.0765150484776653,0.04344297526703984,1.2882040919424096
monitored,12,0.028350515463917526,0.022448979591836733,0.08255775545495171,0.017180283965838393,0.9520663726271203
monitored,24,0.05798969072164949,0.037562604340567615,0.08221773175044203,0.0224753484135763,1.1638525657217247
monitored,36,0.011597938144329897,0.008333333333333333,0.08491849146054753,0.012800026855942857,1.0492160024870305
monitored,48,0.05798969072164949,0.035046728971962614,0.08305321856723726,0.017766461903143693,1.2474012474012475
monitored,72,0.05412371134020619,0.02486678507992895,0.08730837235510133,0.01594450463242134,1.6408572483338837
unmonitored,0,0.08634020618556701,0.06036036036036036,0.079011793965065,0.03067742610319206,1.0783608914450036
unmonitored,12,0.05412371134020619,0.0519159456118665,0.07875920492742923,0.0217464015100986,0.7859405055666738
unmonitored,24,0.07603092783505154,0.05789990186457311,0.07898264907610703,0.02671494150972053,0.9899547282724852
unmonitored,36,0.03994845360824742,0.03699284009546539,0.08021644937532788,0.016821631879658367,0.8141138982260477
unmonitored,48,0.06056701030927835,0.04288321167883212,0.08101307634017914,0.021447202728530092,1.064759943264616
unmonitored,72,0.05670103092783505,0.032520325203252036,0.08383041560611654,0.018275331989037823,1.3144344920045854
