site_id,site_name,setup,condition,recall,precision,events,train_rows,tp,fp,fn,n
15,ALEXANDRIA,same_period,monitored,0.4,0.34782608695652173,20,132162,8,15,12,6957
15,ALEXANDRIA,same_period,unmonitored,0.3,0.1935483870967742,20,132162,6,25,14,6957
15,ALEXANDRIA,earlier_period,monitored,0.0,0.0,20,130895,0,11,20,6957
15,ALEXANDRIA,earlier_period,unmonitored,0.0,0.0,20,130895,0,54,20,6957
33,RANDWICK,same_period,monitored,0.0,0.0,12,130972,0,9,12,8147
33,RANDWICK,same_period,unmonitored,0.25,0.05555555555555555,12,130972,3,51,9,8147
33,RANDWICK,earlier_period,monitored,0.0,0.0,12,130225,0,17,12,8147
33,RANDWICK,earlier_period,unmonitored,0.08333333333333333,0.015384615384615385,12,130225,1,64,11,8147
39,ROZELLE,same_period,monitored,0.3225806451612903,0.29411764705882354,31,131036,10,24,21,8083
39,ROZELLE,same_period,unmonitored,0.3225806451612903,0.24390243902439024,31,131036,10,31,21,8083
39,ROZELLE,earlier_period,monitored,0.0,0.0,31,130435,0,18,31,8083
39,ROZELLE,earlier_period,unmonitored,0.0,0.0,31,130435,0,46,31,8083
107,LIVERPOOL,same_period,monitored,0.2111111111111111,0.3958333333333333,90,131041,19,29,71,8078
107,LIVERPOOL,same_period,unmonitored,0.044444444444444446,0.4,90,131041,4,6,86,8078
107,LIVERPOOL,earlier_period,monitored,0.08888888888888889,0.22857142857142856,90,129976,8,27,82,8078
107,LIVERPOOL,earlier_period,unmonitored,0.044444444444444446,0.10810810810810811,90,129976,4,33,86,8078
113,MACQUARIE PARK,same_period,monitored,0.06382978723404255,0.06382978723404255,47,130952,3,44,44,8167
113,MACQUARIE PARK,same_period,unmonitored,0.1276595744680851,0.06382978723404255,47,130952,6,88,41,8167
113,MACQUARIE PARK,earlier_period,monitored,0.0,0.0,47,130035,0,43,47,8167
113,MACQUARIE PARK,earlier_period,unmonitored,0.02127659574468085,0.006802721088435374,47,130035,1,146,46,8167
155,ROUSE HILL,same_period,monitored,0.3333333333333333,0.345679012345679,84,131950,28,53,56,7169
155,ROUSE HILL,same_period,unmonitored,0.14285714285714285,0.10909090909090909,84,131950,12,98,72,7169
155,ROUSE HILL,earlier_period,monitored,0.09523809523809523,0.09302325581395349,84,130148,8,78,76,7169
155,ROUSE HILL,earlier_period,unmonitored,0.08333333333333333,0.04294478527607362,84,130148,7,156,77,7169
171,BRINGELLY,same_period,monitored,0.06862745098039216,0.10606060606060606,102,131355,7,59,95,7764
171,BRINGELLY,same_period,unmonitored,0.0392156862745098,0.09523809523809523,102,131355,4,38,98,7764
171,BRINGELLY,earlier_period,monitored,0.058823529411764705,0.07142857142857142,102,130184,6,78,96,7764
171,BRINGELLY,earlier_period,unmonitored,0.09803921568627451,0.10869565217391304,102,130184,10,82,92,7764
206,EARLWOOD,same_period,monitored,0.32075471698113206,0.3469387755102041,53,130962,17,32,36,8157
206,EARLWOOD,same_period,unmonitored,0.18867924528301888,0.4166666666666667,53,130962,10,14,43,8157
206,EARLWOOD,earlier_period,monitored,0.0,0.0,53,130179,0,7,53,8157
206,EARLWOOD,earlier_period,unmonitored,0.0,0.0,53,130179,0,23,53,8157
573,RICHMOND,same_period,monitored,0.056818181818181816,0.13513513513513514,88,132165,5,32,83,6954
573,RICHMOND,same_period,unmonitored,0.125,0.06748466257668712,88,132165,11,152,77,6954
573,RICHMOND,earlier_period,monitored,0.09090909090909091,0.1038961038961039,88,130575,8,69,80,6954
573,RICHMOND,earlier_period,unmonitored,0.07954545454545454,0.06363636363636363,88,130575,7,103,81,6954
760,ST MARYS,same_period,monitored,0.05263157894736842,0.02040816326530612,19,131364,1,48,18,7755
760,ST MARYS,same_period,unmonitored,0.10526315789473684,0.012578616352201259,19,131364,2,157,17,7755
760,ST MARYS,earlier_period,monitored,0.0,0.0,19,130187,0,39,19,7755
760,ST MARYS,earlier_period,unmonitored,0.0,0.0,19,130187,0,155,19,7755
919,PARRAMATTA NORTH,same_period,monitored,0.037037037037037035,0.04,27,131815,1,24,26,7304
919,PARRAMATTA NORTH,same_period,unmonitored,0.07407407407407407,0.02631578947368421,27,131815,2,74,25,7304
919,PARRAMATTA NORTH,earlier_period,monitored,0.0,0.0,27,130620,0,17,27,7304
919,PARRAMATTA NORTH,earlier_period,unmonitored,0.0,0.0,27,130620,0,35,27,7304
1001,COOK AND PHILLIP,same_period,monitored,0.15,0.375,20,131268,3,5,17,7851
1001,COOK AND PHILLIP,same_period,unmonitored,0.35,0.4117647058823529,20,131268,7,10,13,7851
1001,COOK AND PHILLIP,earlier_period,monitored,0.0,0.0,20,130872,0,15,20,7851
1001,COOK AND PHILLIP,earlier_period,unmonitored,0.0,0.0,20,130872,0,25,20,7851
1141,LIDCOMBE,same_period,monitored,0.06923076923076923,0.28125,130,131848,9,23,121,7271
1141,LIDCOMBE,same_period,unmonitored,0.08461538461538462,0.4782608695652174,130,131848,11,12,119,7271
1141,LIDCOMBE,earlier_period,monitored,0.06153846153846154,0.1509433962264151,130,130081,8,45,122,7271
1141,LIDCOMBE,earlier_period,unmonitored,0.023076923076923078,0.07317073170731707,130,130081,3,38,127,7271
1148,PROSPECT,same_period,monitored,0.12568306010928962,0.46938775510204084,183,131189,23,26,160,7930
1148,PROSPECT,same_period,unmonitored,0.02185792349726776,0.36363636363636365,183,131189,4,7,179,7930
1148,PROSPECT,earlier_period,monitored,0.03278688524590164,0.10714285714285714,183,130282,6,50,177,7930
1148,PROSPECT,earlier_period,unmonitored,0.00546448087431694,0.02040816326530612,183,130282,1,48,182,7930
1570,OAKDALE,same_period,monitored,0.0,0.0,34,131433,0,5,34,7686
1570,OAKDALE,same_period,unmonitored,0.0,0.0,34,131433,0,1,34,7686
1570,OAKDALE,earlier_period,monitored,0.0,0.0,34,130379,0,20,34,7686
1570,OAKDALE,earlier_period,unmonitored,0.0,0.0,34,130379,0,61,34,7686
1750,PENRITH,same_period,monitored,0.1895424836601307,0.29,153,130978,29,71,124,8141
1750,PENRITH,same_period,unmonitored,0.0915032679738562,0.1794871794871795,153,130978,14,64,139,8141
1750,PENRITH,earlier_period,monitored,0.05228758169934641,0.09411764705882353,153,129980,8,77,145,8141
1750,PENRITH,earlier_period,unmonitored,0.0196078431372549,0.08571428571428572,153,129980,3,32,150,8141
2560,CAMPBELLTOWN WEST,same_period,monitored,0.0,0.0,19,131074,0,3,19,8045
2560,CAMPBELLTOWN WEST,same_period,unmonitored,0.05263157894736842,0.125,19,131074,1,7,18,8045
2560,CAMPBELLTOWN WEST,earlier_period,monitored,0.0,0.0,19,130360,0,17,19,8045
2560,CAMPBELLTOWN WEST,earlier_period,unmonitored,0.0,0.0,19,130360,0,25,19,8045
2570,CAMDEN,same_period,monitored,0.0,0.0,16,131459,0,4,16,7660
2570,CAMDEN,same_period,unmonitored,0.0,0.0,16,131459,0,6,16,7660
2570,CAMDEN,earlier_period,monitored,0.0,0.0,16,131097,0,18,16,7660
2570,CAMDEN,earlier_period,unmonitored,0.0625,0.029411764705882353,16,131097,1,33,15,7660
