sa2_code_2021,sa2_name_2021,urp,area_albers_sqkm,irsd_score,irsd_state_decile,nearest_station,region,nearest_km
115011290,Baulkham Hills - East,24726.0,8.3081,1078.970169,9.0,PARRAMATTA NORTH,Sydney North-west,4.4848359069646175
115011291,Baulkham Hills (West) - Bella Vista,21683.0,10.8721,1102.841818,10.0,PARRAMATTA NORTH,Sydney North-west,7.039911541406868
115011294,Glenhaven,6361.0,7.2309,1117.515351,10.0,ROUSE HILL,Sydney North-west,9.065684063544916
115011296,West Pennant Hills,12683.0,7.8291,1118.460938,10.0,PARRAMATTA NORTH,Sydney North-west,6.272528074684352
115011553,Castle Hill - Central,7677.0,4.1512,1079.142614,9.0,PARRAMATTA NORTH,Sydney North-west,7.38586707713937
115011554,Castle Hill - East,5670.0,2.072,1059.096521,8.0,PARRAMATTA NORTH,Sydney North-west,8.911119149017775
115011555,Castle Hill - North,12189.0,6.8149,1092.161404,9.0,PARRAMATTA NORTH,Sydney North-west,8.844704337431848
115011556,Castle Hill - South,10419.0,4.1277,1081.850993,9.0,PARRAMATTA NORTH,Sydney North-west,6.527469744007116
115011557,Castle Hill - West,5183.0,1.6363,1120.436579,10.0,ROUSE HILL,Sydney North-west,7.716050612673216
115011558,Cherrybrook,19082.0,8.2514,1109.72855,10.0,MACQUARIE PARK,Sydney East,8.189345489009145
115011621,Kellyville - East,17709.0,5.7375,1099.861754,10.0,ROUSE HILL,Sydney North-west,6.325731786984551
115011622,Kellyville - West,11375.0,4.9945,1102.633874,10.0,ROUSE HILL,Sydney North-west,5.688276209437178
115021297,Dural - Kenthurst - Wisemans Ferry,22479.0,377.5396,1086.737392,9.0,ROUSE HILL,Sydney North-west,16.80957515325076
115021298,Galston - Laughtondale,5436.0,191.699,1089.98064,9.0,ROUSE HILL,Sydney North-west,21.955740462465457
115031299,Bilpin - Colo - St Albans,2846.0,2160.1601,1036.976765,7.0,RICHMOND,Sydney North-west,38.5728621927348
115031300,Kurrajong Heights - Ebenezer,22161.0,331.85,1061.633843,8.0,RICHMOND,Sydney North-west,9.921009117300796
115041301,Pitt Town - McGraths Hill,11414.0,80.503,1061.608541,8.0,ROUSE HILL,Sydney North-west,9.213630272704151
115041623,Box Hill - Nelson,10287.0,21.0706,1105.623277,10.0,ROUSE HILL,Sydney North-west,4.273468814452445
115041624,North Kellyville,17401.0,8.0039,1106.570509,10.0,ROUSE HILL,Sydney North-west,4.149327514371515
115041625,Rouse Hill - Beaumont Hills,17581.0,8.6462,1100.922604,10.0,ROUSE HILL,Sydney North-west,2.4608467482096383
116011303,Blacktown (East) - Kings Park,17032.0,7.9753,950.8977782,3.0,PROSPECT,Sydney North-west,4.164694981660845
116011304,Blacktown (North) - Marayong,20584.0,7.3828,956.4237266,3.0,PROSPECT,Sydney North-west,5.570858259106405
116011306,Doonside - Woodcroft,23384.0,9.9106,962.6045446,3.0,PROSPECT,Sydney North-west,5.084185101401692
116011307,Lalor Park - Kings Langley,25373.0,11.7998,1002.096563,5.0,PROSPECT,Sydney North-west,4.281575726283059
116011560,Blacktown - South,12646.0,3.3594,959.2526199,3.0,PROSPECT,Sydney North-west,0.9779576457588669
116011561,Blacktown - West,17141.0,4.6753,961.6159141,3.0,PROSPECT,Sydney North-west,2.729833979629775
116011626,Seven Hills - Prospect,14866.0,7.5851,1005.041616,5.0,PROSPECT,Sydney North-west,0.6422124540709189
116011627,Toongabbie - West,11578.0,3.2406,988.1698294,4.0,PROSPECT,Sydney North-west,2.1709652639069255
116021309,Glenwood,15829.0,5.1186,1084.250315,9.0,ROUSE HILL,Sydney North-west,6.55724277503866
116021562,Acacia Gardens,3668.0,0.9466,1080.015242,9.0,ROUSE HILL,Sydney North-west,5.707876933145978
116021563,Quakers Hill,24670.0,7.7674,1054.067552,8.0,ROUSE HILL,Sydney North-west,4.753225377207354
116021628,Kellyville Ridge - The Ponds,21058.0,5.9124,1101.571715,10.0,ROUSE HILL,Sydney North-west,2.6450721777884985
116021629,Marsden Park - Shanes Park,15524.0,25.0406,1088.690273,9.0,ROUSE HILL,Sydney North-west,9.241318693140025
116021630,Riverstone,13844.0,32.1656,1021.697322,6.0,ROUSE HILL,Sydney North-west,4.7313763146328585
116021631,Schofields (West) - Colebee,10011.0,10.5499,1098.371184,10.0,ROUSE HILL,Sydney North-west,5.17957788915074
116021632,Schofields - East,25130.0,11.6638,1082.748786,9.0,ROUSE HILL,Sydney North-west,1.5407350770370565
116021633,Stanhope Gardens - Parklea,13034.0,3.9008,1082.29695,9.0,ROUSE HILL,Sydney North-west,4.387855415289054
116031313,Bidwill - Hebersham - Emerton,18536.0,6.095,777.9979667,1.0,ST MARYS,Sydney North-west,7.689771829947736
116031314,Glendenning - Dean Park,8374.0,5.1425,984.4448511,4.0,PROSPECT,Sydney North-west,7.756311362676761
116031315,Hassall Grove - Plumpton,21414.0,6.2052,985.6397666,4.0,ST MARYS,Sydney North-west,8.705621790435261
116031316,Lethbridge Park - Tregear,21551.0,11.2672,838.4449258,1.0,ST MARYS,Sydney North-west,7.308066671793158
116031317,Mount Druitt - Whalan,22918.0,8.6855,858.641559,1.0,ST MARYS,Sydney North-west,5.4201309287714095
116031318,Prospect Reservoir,0.0,29.8693,,,PROSPECT,Sydney North-west,4.989415967192774
116031319,Rooty Hill - Minchinbury,22826.0,14.6242,971.9445078,4.0,PROSPECT,Sydney North-west,6.744274572346553
117011320,Banksmeadow,508.0,3.9384,1083.585312,9.0,RANDWICK,Sydney East,3.9157065007987435
117011321,Botany,12960.0,3.4307,1053.289392,8.0,RANDWICK,Sydney East,4.3408898840582895
117011323,Pagewood - Hillsdale - Daceyville,14762.0,3.1186,990.9128581,5.0,RANDWICK,Sydney East,2.0912664207627443
117011324,Port Botany Industrial,0.0,2.8044,,,RANDWICK,Sydney East,4.864671044109866
117011325,Sydney Airport,0.0,8.9106,,,ALEXANDRIA,Sydney East,4.667296156040554
117011634,Eastlakes,8941.0,3.1149,935.9690467,2.0,RANDWICK,Sydney East,2.9779582673276597
117011635,Mascot,21573.0,3.0501,1032.940703,7.0,ALEXANDRIA,Sydney East,2.5684566738760535
117021327,Petersham - Stanmore,19898.0,3.0033,1068.900853,8.0,ROZELLE,Sydney East,3.3850616044542092
117021328,Sydenham - Tempe - St Peters,8278.0,3.8539,1055.550523,8.0,ALEXANDRIA,Sydney East,3.0680836934485405
117021636,Marrickville - North,12317.0,2.8199,1042.300456,7.0,EARLWOOD,Sydney East,2.6322580486965155
117021637,Marrickville - South,14283.0,2.9929,1006.138725,6.0,EARLWOOD,Sydney East,1.294389912115727
117031329,Darlinghurst,10615.0,0.8569,1063.628654,8.0,COOK AND PHILLIP,Sydney East,0.8008952936130366
117031330,Erskineville - Alexandria,19126.0,4.3199,1103.204478,10.0,ALEXANDRIA,Sydney East,0.6410740222174534
117031331,Glebe - Forest Lodge,20262.0,2.3018,1022.161853,6.0,ROZELLE,Sydney East,2.5358975373082497
117031333,Potts Point - Woolloomooloo,18187.0,1.4636,1050.486652,8.0,COOK AND PHILLIP,Sydney East,1.0491188352055483
117031336,Surry Hills,15828.0,1.3164,1034.189503,7.0,COOK AND PHILLIP,Sydney East,1.4213019546897427
117031638,Camperdown - Darlington,8332.0,1.7106,1087.076322,9.0,ALEXANDRIA,Sydney East,2.122654737248271
117031639,Chippendale,7803.0,0.4642,1013.213999,6.0,COOK AND PHILLIP,Sydney East,1.9555642732871847
117031640,Newtown (NSW),14667.0,1.5707,1065.392459,8.0,ALEXANDRIA,Sydney East,1.795797314399999
117031641,Pyrmont,12658.0,0.9299,1041.603858,7.0,COOK AND PHILLIP,Sydney East,1.869759613812597
117031642,Redfern,13670.0,1.6989,981.0106759,4.0,ALEXANDRIA,Sydney East,1.3507943752282197
117031643,Rosebery - Beaconsfield,12290.0,1.6423,1082.408924,9.0,ALEXANDRIA,Sydney East,1.4584403980221734
117031644,Sydney (North) - Millers Point,8004.0,3.2122,1063.426816,8.0,COOK AND PHILLIP,Sydney East,0.9774753586232272
117031645,Sydney (South) - Haymarket,19935.0,1.081,936.5338145,2.0,COOK AND PHILLIP,Sydney East,1.006414469954917
117031646,Ultimo,7410.0,0.5588,959.8748298,3.0,COOK AND PHILLIP,Sydney East,1.631320968081737
117031647,Waterloo,16379.0,1.1339,969.0973043,3.0,ALEXANDRIA,Sydney East,1.0997369599334073
117031648,Zetland,12622.0,0.8047,1071.254405,8.0,ALEXANDRIA,Sydney East,1.07081667498617
118011339,Bondi - Tamarama - Bronte,19055.0,2.4962,1096.043505,10.0,RANDWICK,Sydney East,4.08440965374459
118011340,Bondi Beach - North Bondi,20705.0,2.4604,1094.764109,10.0,RANDWICK,Sydney East,5.80581558625518
118011341,Bondi Junction - Waverly,17720.0,2.5235,1081.029189,9.0,RANDWICK,Sydney East,3.9142051751475733
118011342,Centennial Park,0.0,1.9786,,,COOK AND PHILLIP,Sydney East,3.4343861661880095
118011344,Dover Heights,11122.0,1.8705,1098.593681,10.0,COOK AND PHILLIP,Sydney East,6.14446741849454
118011345,Paddington - Moore Park,14793.0,3.725,1099.607701,10.0,COOK AND PHILLIP,Sydney East,2.2148988024340914
118011346,Rose Bay - Vaucluse - Watsons Bay,11924.0,5.1368,1114.426497,10.0,COOK AND PHILLIP,Sydney East,5.803787947802461
118011347,Woollahra,7454.0,1.2805,1105.887454,10.0,COOK AND PHILLIP,Sydney East,3.2078484532081415
118011649,Bellevue Hill,14429.0,3.1556,1117.11363,10.0,COOK AND PHILLIP,Sydney East,3.887168334623865
118011650,Double Bay - Darling Point,9958.0,1.5591,1101.786215,10.0,COOK AND PHILLIP,Sydney East,2.4017634625933884
118021564,Kensington (NSW),11809.0,2.6423,1071.416614,8.0,ALEXANDRIA,Sydney East,2.345127148499344
118021565,Kingsford,13605.0,2.0141,1032.056285,7.0,RANDWICK,Sydney East,1.4707594685156515
118021566,Maroubra - North,9790.0,1.8112,1082.515252,9.0,RANDWICK,Sydney East,1.0891918509669076
118021567,Maroubra - South,11084.0,2.065,989.2670345,5.0,RANDWICK,Sydney East,1.924577060860803
118021568,Maroubra - West,9846.0,2.0464,1050.67606,8.0,RANDWICK,Sydney East,1.5557572225181806
118021569,Randwick - North,16206.0,1.9356,1091.063396,9.0,RANDWICK,Sydney East,2.6353221802474236
118021570,Randwick - South,12735.0,3.3725,1087.32755,9.0,RANDWICK,Sydney East,1.3712873433719415
118021651,Coogee - Clovelly,19521.0,2.7034,1114.349791,10.0,RANDWICK,Sydney East,2.060149765965818
118021652,Malabar - La Perouse,10610.0,8.4115,1040.680137,7.0,RANDWICK,Sydney East,5.008193121647061
118021653,Matraville - Chifley,13412.0,3.4138,1018.971331,6.0,RANDWICK,Sydney East,3.4882612347537028
118021654,South Coogee,5611.0,1.1322,993.3504623,5.0,RANDWICK,Sydney East,1.0817683991007516
119011354,Bass Hill - Georges Hall,23855.0,8.9161,887.4091041,1.0,LIDCOMBE,Sydney East,5.828843619060159
119011355,Chullora,1469.0,4.0501,1005.92564,5.0,LIDCOMBE,Sydney East,1.2751991808159404
119011356,Condell Park,12773.0,10.0036,908.451867,2.0,LIDCOMBE,Sydney East,6.6309459827074875
119011358,Padstow,17200.0,6.5091,1004.318764,5.0,LIDCOMBE,Sydney East,8.611791872347322
119011360,Revesby,17664.0,5.0925,979.5329276,4.0,LIDCOMBE,Sydney East,8.338939262962802
119011361,Yagoona - Birrong,22484.0,5.5597,876.842308,1.0,LIDCOMBE,Sydney East,3.373182806663521
119011571,Bankstown - North,16981.0,2.7405,853.6818003,1.0,LIDCOMBE,Sydney East,3.835278743629094
119011572,Bankstown - South,18434.0,4.4232,842.6596338,1.0,LIDCOMBE,Sydney East,5.317680806014784
119011655,Greenacre - North,14637.0,4.0802,895.2273616,1.0,LIDCOMBE,Sydney East,2.376848362761887
119011656,Greenacre - South,13416.0,2.9017,888.8100494,1.0,LIDCOMBE,Sydney East,3.419456910840614
119011657,Panania (North) - Milperra,11340.0,7.5649,1020.746286,6.0,LIVERPOOL,Sydney South-west,7.263385695874311
119011658,Panania (South) - Picnic Point,15994.0,6.8259,1039.089525,7.0,LIVERPOOL,Sydney South-west,9.720063298741765
119021362,Belmore - Belfield,20332.0,4.5136,933.4882931,2.0,EARLWOOD,Sydney East,4.4232496673131605
119021366,Punchbowl,21544.0,5.2458,846.949123,1.0,LIDCOMBE,Sydney East,5.53405490807768
119021367,Roselands,14577.0,3.6461,970.1459837,4.0,EARLWOOD,Sydney East,5.936205529076459
119021573,Lakemba,17092.0,2.1866,809.5614346,1.0,LIDCOMBE,Sydney East,4.992392243967082
119021574,Wiley Park,10135.0,1.3933,846.44435,1.0,LIDCOMBE,Sydney East,5.12233443213332
119021659,Campsie - North,11905.0,1.5672,883.4437543,1.0,EARLWOOD,Sydney East,3.2644334484470674
119021660,Campsie - South,9059.0,1.12,842.8543512,1.0,EARLWOOD,Sydney East,2.9922331985433384
119021661,Canterbury - South,12220.0,2.0906,976.7483607,4.0,EARLWOOD,Sydney East,2.56835440704532
119021662,Earlwood,17969.0,5.5897,1036.605137,7.0,EARLWOOD,Sydney East,1.2164919653662567
119021663,Kingsgrove - North,6261.0,2.6119,992.3648425,5.0,EARLWOOD,Sydney East,4.099798659794281
119031370,Narwee - Beverly Hills,13791.0,3.3909,963.5245946,3.0,EARLWOOD,Sydney East,6.552129650487666
119031371,Oatley - Hurstville Grove,12594.0,4.3549,1082.747747,9.0,EARLWOOD,Sydney East,8.422828740190413
119031372,Peakhurst - Lugarno,20220.0,7.4721,1043.375052,7.0,EARLWOOD,Sydney East,9.824690662196598
119031373,Riverwood,11606.0,2.7319,855.8142581,1.0,LIDCOMBE,Sydney East,7.488253877782966
119031374,South Hurstville - Blakehurst,25259.0,6.2406,1010.751041,6.0,EARLWOOD,Sydney East,8.059340321909616
119031664,Hurstville - Central,12046.0,1.2264,930.8522005,2.0,EARLWOOD,Sydney East,6.031057472911852
119031665,Hurstville - North,12109.0,2.4137,979.3510293,4.0,EARLWOOD,Sydney East,5.7372489855447455
119031666,Mortdale - Oatley,14715.0,4.4442,1061.458543,8.0,EARLWOOD,Sydney East,8.889325134035996
119031667,Penshurst,9528.0,1.6722,987.1997563,4.0,EARLWOOD,Sydney East,6.927807900586328
119041377,Kingsgrove (South) - Bardwell Park,12973.0,3.7871,1014.122575,6.0,EARLWOOD,Sydney East,3.6885270298973403
119041378,Kogarah,13051.0,2.2197,1005.148461,5.0,EARLWOOD,Sydney East,5.792968179881057
119041379,Kogarah Bay - Carlton - Allawah,16200.0,3.5033,1008.950055,6.0,EARLWOOD,Sydney East,6.816779480204796
119041380,Monterey - Brighton-le-Sands - Kyeemagh,13896.0,3.3799,1004.818757,5.0,EARLWOOD,Sydney East,5.270347714992126
119041381,Rockdale - Banksia,19853.0,3.5762,974.042772,4.0,EARLWOOD,Sydney East,3.91832993386542
119041382,Sans Souci - Ramsgate,16659.0,4.6115,1029.970792,7.0,EARLWOOD,Sydney East,8.467097029620477
119041668,Arncliffe - Bardwell Valley,16579.0,4.313,984.0702217,4.0,EARLWOOD,Sydney East,2.488579309817065
119041669,Bexley - North,10145.0,2.6007,995.8743878,5.0,EARLWOOD,Sydney East,4.241794820966291
119041670,Bexley - South,15831.0,2.6771,980.2116845,4.0,EARLWOOD,Sydney East,4.975253049528586
119041671,Wolli Creek,10731.0,0.6795,1040.582956,7.0,EARLWOOD,Sydney East,2.331205499511093
120011383,Concord - Mortlake - Cabarita,23113.0,6.3199,1071.111784,8.0,ROZELLE,Sydney East,5.483385889608202
120011385,Drummoyne - Rodd Point,18366.0,3.7047,1090.37295,9.0,ROZELLE,Sydney East,1.7115561990862587
120011386,Five Dock - Abbotsford,20933.0,4.6202,1062.039217,8.0,ROZELLE,Sydney East,3.2204419330267284
120011672,Concord West - North Strathfield,12842.0,4.0969,1061.155757,8.0,LIDCOMBE,Sydney East,5.479579112008092
120011673,Rhodes,11453.0,1.006,1056.523186,8.0,LIDCOMBE,Sydney East,6.926912740968881
120021387,Balmain,15579.0,2.5815,1089.07642,9.0,ROZELLE,Sydney East,1.854855213102828
120021389,Lilyfield - Rozelle,13824.0,3.6039,1087.517951,9.0,ROZELLE,Sydney East,0.44272925584686124
120021674,Annandale (NSW),9464.0,1.4885,1095.519259,10.0,ROZELLE,Sydney East,1.9576154177050225
120021675,Leichhardt,17532.0,2.9838,1075.933955,9.0,ROZELLE,Sydney East,2.0569774749367893
120031392,Canterbury (North) - Ashbury,11999.0,3.0278,1033.8053,7.0,EARLWOOD,Sydney East,1.6420726753818944
120031393,Croydon Park - Enfield,17434.0,3.9711,1017.589605,6.0,EARLWOOD,Sydney East,3.873199459193696
120031394,Dulwich Hill - Lewisham,17948.0,2.7016,1050.854798,8.0,EARLWOOD,Sydney East,1.6554145526646225
120031395,Haberfield - Summer Hill,13520.0,3.4746,1073.465493,9.0,ROZELLE,Sydney East,3.03855031197893
120031396,Homebush,20822.0,3.8432,997.7873294,5.0,LIDCOMBE,Sydney East,3.3351093464993804
120031576,Strathfield South,3636.0,2.5112,1036.259901,7.0,LIDCOMBE,Sydney East,3.1783259202711758
120031676,Ashfield - North,11456.0,1.5609,1006.194105,6.0,EARLWOOD,Sydney East,3.7787437475781207
120031677,Ashfield - South,12246.0,2.1091,1009.269023,6.0,EARLWOOD,Sydney East,2.563935350230514
120031678,Burwood (NSW),15942.0,1.905,940.3047824,2.0,LIDCOMBE,Sydney East,5.121680447647518
120031679,Croydon,10993.0,2.5877,1015.34233,6.0,EARLWOOD,Sydney East,4.658761940092516
120031680,Strathfield - East,16420.0,2.5414,978.6346588,4.0,LIDCOMBE,Sydney East,4.104571731069209
120031681,Strathfield - West,9253.0,3.9101,1079.724687,9.0,LIDCOMBE,Sydney East,2.670099116548483
121011399,Chatswood (West) - Lane Cove North,21294.0,5.5372,1081.600077,9.0,MACQUARIE PARK,Sydney East,5.951256513927371
121011401,St Leonards - Naremburn,11903.0,2.761,1090.425988,9.0,ROZELLE,Sydney East,5.870775533803255
121011682,Artarmon,9406.0,1.6583,1061.51998,8.0,ROZELLE,Sydney East,6.576640114826284
121011683,Castle Cove - Northbridge,13440.0,7.6847,1123.928036,10.0,COOK AND PHILLIP,Sydney East,8.228220773547116
121011684,Chatswood - East,19601.0,3.4093,1029.018069,7.0,MACQUARIE PARK,Sydney East,7.264160760966266
121011685,Greenwich - Riverview,12928.0,4.5871,1128.100894,10.0,ROZELLE,Sydney East,4.185635696527343
121011686,Lane Cove,15888.0,4.4686,1097.637439,10.0,ROZELLE,Sydney East,5.4215026891868385
121011687,Willoughby,12996.0,3.0671,1089.538846,9.0,ROZELLE,Sydney East,7.785875596418482
121021403,Asquith - Mount Colah,22057.0,34.6889,1084.728143,9.0,MACQUARIE PARK,Sydney East,11.721936406898795
121021404,Berowra - Brooklyn - Cowan,11790.0,81.7548,1099.779611,10.0,MACQUARIE PARK,Sydney East,20.947877673976862
121021406,Normanhurst - Thornleigh - Westleigh,19158.0,9.9882,1094.061615,10.0,MACQUARIE PARK,Sydney East,6.121110332932185
121021577,Hornsby - East,11943.0,2.5688,1002.454332,5.0,MACQUARIE PARK,Sydney East,7.224389877940318
121021578,Hornsby - West,10629.0,6.2858,1067.573624,8.0,MACQUARIE PARK,Sydney East,8.02606819127548
121021579,Wahroonga (West) - Waitara,11877.0,2.1124,1046.486719,7.0,MACQUARIE PARK,Sydney East,6.112670609766807
121031407,Gordon - Killara,22433.0,11.6713,1089.948344,9.0,MACQUARIE PARK,Sydney East,4.178359377112295
121031408,Lindfield - Roseville,24599.0,11.8765,1108.914719,10.0,MACQUARIE PARK,Sydney East,5.553472719872778
121031409,Pymble,17221.0,10.2515,1116.40948,10.0,MACQUARIE PARK,Sydney East,2.3091131257553394
121031410,St Ives,21665.0,17.7774,1109.105636,10.0,MACQUARIE PARK,Sydney East,6.9529960358663825
121031411,Turramurra,20251.0,20.6426,1112.476143,10.0,MACQUARIE PARK,Sydney East,6.38498175366135
121031412,Wahroonga (East) - Warrawee,18191.0,13.327,1116.26956,10.0,MACQUARIE PARK,Sydney East,5.4434052970487095
121041413,Cremorne - Cammeray,18905.0,3.238,1101.557975,10.0,COOK AND PHILLIP,Sydney East,5.200319203110257
121041414,Crows Nest - Waverton,17916.0,2.9668,1105.01852,10.0,COOK AND PHILLIP,Sydney East,4.721121449776943
121041416,Neutral Bay - Kirribilli,17183.0,2.2116,1082.507717,9.0,COOK AND PHILLIP,Sydney East,3.7882656714065694
121041417,North Sydney - Lavender Bay,12441.0,1.9142,1093.242996,9.0,COOK AND PHILLIP,Sydney East,3.7951650669649952
121041688,Mosman - North,13763.0,3.2831,1107.131006,10.0,COOK AND PHILLIP,Sydney East,6.573741760454126
121041689,Mosman - South,14565.0,5.3672,1111.80904,10.0,COOK AND PHILLIP,Sydney East,5.152132288449661
122011418,Balgowlah - Clontarf - Seaforth,20732.0,7.6104,1114.089743,10.0,COOK AND PHILLIP,Sydney East,9.150475793013035
122011419,Manly - Fairlight,22438.0,6.7351,1104.501299,10.0,COOK AND PHILLIP,Sydney East,10.407463049098356
122021420,Avalon - Palm Beach,13052.0,8.6057,1102.040359,10.0,MACQUARIE PARK,Sydney East,25.24279688640165
122021421,Bayview - Elanora Heights,11243.0,64.583,1097.785493,10.0,MACQUARIE PARK,Sydney East,20.111816263704014
122021422,Newport - Bilgola,13681.0,5.798,1103.799944,10.0,MACQUARIE PARK,Sydney East,22.230836923704818
122021690,Mona Vale - Warriewood (North),14634.0,6.4617,1084.867063,9.0,MACQUARIE PARK,Sydney East,19.473018147379946
122021691,North Narrabeen - Warriewood (South),10874.0,5.201,1082.96945,9.0,MACQUARIE PARK,Sydney East,18.082200859174623
122031424,Beacon Hill - Narraweena,14547.0,4.3406,1050.537283,8.0,MACQUARIE PARK,Sydney East,13.647692794884094
122031425,Cromer,8046.0,7.4915,1082.417556,9.0,MACQUARIE PARK,Sydney East,14.330027363359115
122031427,Forestville - Killarney Heights,13161.0,8.9311,1095.431613,10.0,MACQUARIE PARK,Sydney East,9.059633727406883
122031429,Freshwater - Brookvale,21828.0,7.1838,1097.023905,10.0,COOK AND PHILLIP,Sydney East,12.82716190183617
122031430,Manly Vale - Allambie Heights,17550.0,9.3541,1090.303102,9.0,COOK AND PHILLIP,Sydney East,11.583258456917537
122031432,Terrey Hills - Duffys Forest,3786.0,70.5438,1105.677315,10.0,MACQUARIE PARK,Sydney East,13.754120757762696
122031692,Belrose,8652.0,13.4385,1098.014823,10.0,MACQUARIE PARK,Sydney East,9.862353694359344
122031693,Collaroy - Collaroy Plateau,13980.0,4.1295,1091.414597,9.0,MACQUARIE PARK,Sydney East,16.903763793571997
122031694,Dee Why (South) - North Curl Curl,9116.0,1.9915,1081.658859,9.0,COOK AND PHILLIP,Sydney East,14.436730622220624
122031695,Dee Why - North,17816.0,2.0816,1025.401103,6.0,COOK AND PHILLIP,Sydney East,15.191789441515548
122031696,Frenchs Forest - Oxford Falls,17175.0,16.6936,1111.712017,10.0,MACQUARIE PARK,Sydney East,10.33310547049412
122031697,Narrabeen - Wheeler Heights,11241.0,3.0327,1058.587932,8.0,MACQUARIE PARK,Sydney East,16.615321744520113
123011433,Camden - Ellis Lane,13295.0,26.1934,1040.8065,7.0,CAMDEN,Sydney South-west,2.7435264522159453
123011698,Currans Hill,6445.0,7.0704,1020.500785,6.0,CAMPBELLTOWN WEST,Sydney South-west,3.905288371993511
123011699,Elderslie - Narellan,14019.0,15.3086,1037.585248,7.0,CAMDEN,Sydney South-west,2.6451480634193594
123011700,Harrington Park,11241.0,6.2329,1077.721876,9.0,CAMDEN,Sydney South-west,4.951025263338151
123011701,Mount Annan,19040.0,13.2044,1040.445762,7.0,CAMPBELLTOWN WEST,Sydney South-west,3.455066670535795
123011702,Spring Farm,9539.0,5.8595,1057.790887,8.0,CAMDEN,Sydney South-west,4.55926462421669
123021436,Bradbury - Wedderburn,20011.0,36.6552,905.8480875,2.0,CAMPBELLTOWN WEST,Sydney South-west,7.122663669302982
123021437,Campbelltown - Woodbine,22084.0,13.7477,953.2070311,3.0,CAMPBELLTOWN WEST,Sydney South-west,1.1902273948657898
123021438,Claymore - Eagle Vale - Raby,20236.0,22.9252,938.7588052,2.0,CAMPBELLTOWN WEST,Sydney South-west,4.78332557369842
123021439,Holsworthy Military Area,0.0,129.823,,,CAMPBELLTOWN WEST,Sydney South-west,10.35847954913291
123021441,Leumeah - Minto Heights,16729.0,23.6461,956.956905,3.0,CAMPBELLTOWN WEST,Sydney South-west,6.175188507783414
123021443,Minto - St Andrews,21335.0,12.4133,940.9790048,2.0,CAMPBELLTOWN WEST,Sydney South-west,6.226991709856126
123021444,Rosemeadow - Glen Alpine,21155.0,48.0827,934.1563559,2.0,CAMPBELLTOWN WEST,Sydney South-west,6.282005719871054
123021703,Denham Court - Bardia,14868.0,15.5853,1056.370371,8.0,LIVERPOOL,Sydney South-west,8.53321858520359
123021704,Glenfield,10536.0,6.9946,1008.108444,6.0,LIVERPOOL,Sydney South-west,4.641312348047862
123021705,Ingleburn,16720.0,14.1156,963.7993471,3.0,LIVERPOOL,Sydney South-west,8.785533031709639
123021706,Macquarie Fields,14198.0,9.0236,866.0726666,1.0,LIVERPOOL,Sydney South-west,7.333263084440159
123031445,Bargo,5934.0,67.7705,1010.822385,6.0,OAKDALE,Sydney South-west,26.26220253394641
123031446,Douglas Park - Appin,11112.0,289.946,1073.662451,9.0,CAMPBELLTOWN WEST,Sydney South-west,14.139371503548821
123031447,Picton - Tahmoor - Buxton,18987.0,189.9087,1016.014256,6.0,OAKDALE,Sydney South-west,16.31886770804802
123031448,The Oaks - Oakdale,9808.0,322.7354,1054.229047,8.0,OAKDALE,Sydney South-west,4.865504921528953
124011449,Blackheath - Megalong Valley,5764.0,139.2166,1016.155635,6.0,PENRITH,Sydney North-west,42.807568656711624
124011450,Blaxland - Warrimoo - Lapstone,18993.0,29.6935,1080.512912,9.0,PENRITH,Sydney North-west,7.855091788448654
124011451,Blue Mountains - North,0.0,595.0366,,,PENRITH,Sydney North-west,27.644643849505
124011452,Katoomba - Leura,13348.0,40.8734,992.6493378,5.0,PENRITH,Sydney North-west,36.59001379787612
124011453,Lawson - Hazelbrook - Linden,11445.0,46.8873,1036.545816,7.0,PENRITH,Sydney North-west,22.346089392893415
124011454,Springwood - Winmalee,21964.0,69.6647,1069.790947,8.0,PENRITH,Sydney North-west,10.874551735269655
124011455,Wentworth Falls,6428.0,21.0358,1043.32628,7.0,PENRITH,Sydney North-west,29.981022636895492
124021456,Blue Mountains - South,0.0,2456.9093,,,OAKDALE,Sydney South-west,20.430429356781904
124031457,Cambridge Park,16004.0,6.5871,981.310352,4.0,PENRITH,Sydney North-west,3.4816487101990226
124031459,Emu Plains - Leonay,13914.0,13.794,1049.210852,8.0,PENRITH,Sydney North-west,4.7138391789763086
124031460,Glenmore Park - Regentville,21002.0,9.233,1053.781524,8.0,PENRITH,Sydney North-west,7.063278276646745
124031461,Jamisontown - South Penrith,17326.0,9.0181,997.9401431,5.0,PENRITH,Sydney North-west,5.097331925745324
124031462,Kingswood - Werrington,24625.0,14.023,963.7426263,3.0,ST MARYS,Sydney North-west,4.068655986156406
124031463,Mulgoa - Luddenham - Orchard Hills,12040.0,158.6777,1064.682507,8.0,ST MARYS,Sydney North-west,8.413331199522107
124031464,Penrith,17966.0,10.3945,933.7283385,2.0,PENRITH,Sydney North-west,2.4130806949115957
124031465,Warragamba - Silverdale,6025.0,63.6142,1047.719611,7.0,BRINGELLY,Sydney South-west,15.044896887012204
124031707,Cranebrook - Castlereagh,17029.0,48.9014,996.3696788,5.0,PENRITH,Sydney North-west,3.860530073892789
124031708,Jordan Springs - Llandilo,13388.0,22.616,1049.196258,8.0,PENRITH,Sydney North-west,4.240651593104019
124041466,Richmond - Clarendon,15239.0,74.6728,996.0802651,5.0,RICHMOND,Sydney North-west,2.950988365783419
124041467,Windsor - Bligh Park,15264.0,22.73,973.080147,4.0,RICHMOND,Sydney North-west,6.060767491383328
124041468,Yarramundi - Londonderry,7504.0,81.4358,1012.766165,6.0,RICHMOND,Sydney North-west,4.372509326382169
124051469,Erskine Park,6486.0,8.3944,1030.250264,7.0,ST MARYS,Sydney North-west,3.484241247532774
124051470,St Clair,19942.0,7.2035,999.254091,5.0,ST MARYS,Sydney North-west,1.6741581000865717
124051580,Colyton - Oxley Park,13028.0,4.6521,919.2809155,2.0,ST MARYS,Sydney North-west,3.235985042896301
124051581,St Marys - North St Marys,17325.0,12.8646,894.5930842,1.0,ST MARYS,Sydney North-west,4.028618305953235
125011475,Rookwood Cemetery,0.0,3.015,,,LIDCOMBE,Sydney East,1.150619995951577
125011582,Auburn - Central,19487.0,3.7326,803.5515985,1.0,LIDCOMBE,Sydney East,3.8065307829081987
125011583,Auburn - North,10592.0,2.0966,798.5617117,1.0,LIDCOMBE,Sydney East,4.525277344503401
125011584,Auburn - South,8860.0,2.4313,852.8543964,1.0,LIDCOMBE,Sydney East,2.757857168779747
125011585,Berala,8610.0,2.0865,874.9195631,1.0,LIDCOMBE,Sydney East,1.4271932131198846
125011586,Lidcombe,21197.0,6.4036,943.459015,2.0,LIDCOMBE,Sydney East,2.0601201670584968
125011587,Regents Park,5138.0,2.0325,867.8711903,1.0,LIDCOMBE,Sydney East,1.9088271027608539
125011709,Silverwater - Newington,9246.0,3.934,1050.471645,8.0,LIDCOMBE,Sydney East,5.207549472628545
125011710,Wentworth Point - Sydney Olympic Park,20412.0,7.3279,1050.600074,8.0,LIDCOMBE,Sydney East,5.015241369658827
125021477,Ermington - Rydalmere,24641.0,9.8655,1007.926055,6.0,PARRAMATTA NORTH,Sydney North-west,5.02076983449327
125021478,Oatlands - Dundas Valley,18508.0,6.0763,1004.288886,5.0,PARRAMATTA NORTH,Sydney North-west,3.9009067187507287
125021711,Carlingford - East,11622.0,3.7288,1062.565395,8.0,MACQUARIE PARK,Sydney East,5.628239957177706
125021712,Carlingford - West,19251.0,6.0167,1043.257014,7.0,PARRAMATTA NORTH,Sydney North-west,4.798172890187032
125031479,Chester Hill - Sefton,20842.0,7.2676,855.4949867,1.0,LIDCOMBE,Sydney East,4.478776541230018
125031480,Fairfield - East,15742.0,5.7115,784.9998166,1.0,LIDCOMBE,Sydney East,6.865459953787803
125031481,Granville - Clyde,23250.0,5.6086,866.6596652,1.0,PARRAMATTA NORTH,Sydney North-west,4.370301468319725
125031483,Guildford - South Granville,22386.0,6.7962,800.5113039,1.0,LIDCOMBE,Sydney East,4.802428933260609
125031484,Guildford West - Merrylands West,22929.0,5.4654,876.2560687,1.0,PARRAMATTA NORTH,Sydney North-west,5.7224636027502545
125031486,Smithfield Industrial,0.0,4.3017,,,PROSPECT,Sydney North-west,6.091082080151659
125031487,Yennora Industrial,0.0,2.0787,,,PARRAMATTA NORTH,Sydney North-west,7.331320468868825
125031713,Greystanes - South,16645.0,5.6504,1008.642113,6.0,PROSPECT,Sydney North-west,4.7422001855647125
125031714,Merrylands - Holroyd,23806.0,4.9525,884.491632,1.0,PARRAMATTA NORTH,Sydney North-west,3.982693011513647
125031715,Pemulwuy - Greystanes (North),10893.0,7.3982,1047.435151,7.0,PROSPECT,Sydney North-west,3.1496138118195467
125031716,South Wentworthville,7305.0,1.7661,956.5093688,3.0,PARRAMATTA NORTH,Sydney North-west,3.7025281615880337
125041489,North Parramatta,22878.0,7.0608,1006.88427,6.0,PARRAMATTA NORTH,Sydney North-west,1.316826432249571
125041490,North Rocks,8451.0,5.3762,1092.476575,9.0,PARRAMATTA NORTH,Sydney North-west,3.5222059743043466
125041491,Northmead,20275.0,5.9331,1036.8369,7.0,PARRAMATTA NORTH,Sydney North-west,1.113327287445071
125041493,Toongabbie - Constitution Hill,22853.0,7.4795,1019.923648,6.0,PARRAMATTA NORTH,Sydney North-west,2.94365952477892
125041494,Winston Hills,11199.0,4.3479,1082.795053,9.0,PARRAMATTA NORTH,Sydney North-west,3.1129390672260118
125041588,Pendle Hill - Girraween,13939.0,4.4615,995.9219431,5.0,PROSPECT,Sydney North-west,3.3020189589686373
125041589,Wentworthville - Westmead,21568.0,3.9355,1004.371477,5.0,PARRAMATTA NORTH,Sydney North-west,2.445891021529425
125041717,Parramatta - North,12062.0,2.2343,1018.405036,6.0,PARRAMATTA NORTH,Sydney North-west,1.7115642194207823
125041718,Parramatta - South,9867.0,1.3881,961.7752531,3.0,PARRAMATTA NORTH,Sydney North-west,2.677089319776608
125041719,Rosehill - Harris Park,9034.0,4.8739,963.2874851,3.0,PARRAMATTA NORTH,Sydney North-west,3.985541572226469
126011496,Pennant Hills - Cheltenham,21737.0,13.2936,1102.646475,10.0,MACQUARIE PARK,Sydney East,5.113843248594623
126011720,Epping (East) - North Epping,14404.0,4.3922,1080.767737,9.0,MACQUARIE PARK,Sydney East,2.43570842115386
126011721,Epping (NSW) - West,18690.0,4.4886,1060.586351,8.0,MACQUARIE PARK,Sydney East,4.3395234689839715
126021498,Gladesville - Huntleys Point,15456.0,4.7162,1086.304132,9.0,ROZELLE,Sydney East,5.018207315466405
126021499,Hunters Hill - Woolwich,9844.0,4.1512,1110.603558,10.0,ROZELLE,Sydney East,3.8702582935300587
126021500,Macquarie Park - Marsfield,23818.0,10.6718,1043.246895,7.0,MACQUARIE PARK,Sydney East,1.4926883075475077
126021501,North Ryde - East Ryde,15622.0,6.2231,1076.111041,9.0,MACQUARIE PARK,Sydney East,3.940615692793159
126021503,West Ryde - Meadowbank,20102.0,4.7923,1048.734572,8.0,MACQUARIE PARK,Sydney East,5.851249946445365
126021590,Putney,4163.0,1.5194,1112.931065,10.0,ROZELLE,Sydney East,6.810908610997673
126021722,Denistone,6969.0,2.5272,1086.693188,9.0,MACQUARIE PARK,Sydney East,4.534373849038481
126021723,Eastwood,18974.0,5.293,1027.810091,7.0,MACQUARIE PARK,Sydney East,4.102092744758013
126021724,Ryde - North,20291.0,5.7098,1037.063674,7.0,MACQUARIE PARK,Sydney East,4.755242023755078
126021725,Ryde - South,11972.0,1.5584,1058.785172,8.0,MACQUARIE PARK,Sydney East,6.124584532894442
127011504,Ashcroft - Busby - Miller,17962.0,5.463,704.860307,1.0,LIVERPOOL,Sydney South-west,2.5745434243009098
127011505,Austral - Greendale,12533.0,110.715,995.3348074,5.0,BRINGELLY,Sydney South-west,1.9757137209857678
127011592,Badgerys Creek,25.0,17.5774,1095.437603,10.0,BRINGELLY,Sydney South-west,4.853985008726564
127011593,Cecil Hills,6906.0,3.7478,990.7102255,5.0,LIVERPOOL,Sydney South-west,7.222766716852567
127011594,Green Valley,12919.0,3.2145,884.2589877,1.0,LIVERPOOL,Sydney South-west,4.865784293848006
127011595,Hinchinbrook,13038.0,5.225,945.2336453,2.0,LIVERPOOL,Sydney South-west,4.932873930200794
127011596,Hoxton Park - Carnes Hill - Horningsea Park,13263.0,4.1265,977.0710606,4.0,LIVERPOOL,Sydney South-west,5.272654787613122
127011597,West Hoxton - Middleton Grange,17194.0,9.2627,1002.61955,5.0,LIVERPOOL,Sydney South-west,6.655792589308675
127011726,Cobbitty - Bringelly,4761.0,73.8658,1065.020866,8.0,CAMDEN,Sydney South-west,6.623176888718226
127011727,Gledswood Hills - Gregory Hills,14299.0,8.7234,1060.390546,8.0,CAMPBELLTOWN WEST,Sydney South-west,5.704350773030942
127011728,Leppington - Catherine Field,12559.0,36.3552,1035.162877,7.0,BRINGELLY,Sydney South-west,6.569234466940129
127011729,Oran Park,17624.0,13.2477,1035.124899,7.0,CAMDEN,Sydney South-west,7.304121630295574
127021509,Bonnyrigg Heights - Bonnyrigg,17154.0,5.1887,842.6447939,1.0,LIVERPOOL,Sydney South-west,4.9370265931412165
127021510,Bossley Park - Abbotsbury,19690.0,9.5147,921.954115,2.0,LIVERPOOL,Sydney South-west,7.938872991823987
127021511,Cabramatta - Lansvale,24101.0,7.5964,737.0610584,1.0,LIVERPOOL,Sydney South-west,5.081907608377993
127021512,Cabramatta West - Mount Pritchard,18249.0,5.3429,815.2021225,1.0,LIVERPOOL,Sydney South-west,3.554092376871046
127021513,Canley Vale - Canley Heights,22261.0,5.4161,777.5249244,1.0,LIVERPOOL,Sydney South-west,5.859536644451221
127021514,Edensor Park,10279.0,3.0955,898.2771722,1.0,LIVERPOOL,Sydney South-west,6.351923548984063
127021515,Fairfield,18248.0,4.2304,721.4633053,1.0,LIVERPOOL,Sydney South-west,7.859279956184782
127021516,Fairfield - West,21249.0,4.6915,784.9044444,1.0,LIVERPOOL,Sydney South-west,7.319288754762063
127021517,Greenfield Park - Prairiewood,8855.0,3.6367,849.1887526,1.0,LIVERPOOL,Sydney South-west,7.08161880446699
127021518,Horsley Park - Kemps Creek,4344.0,56.2773,1028.459116,7.0,ST MARYS,Sydney North-west,7.743055464666721
127021519,Smithfield - Wetherill Park,19510.0,6.6123,836.7432466,1.0,PROSPECT,Sydney North-west,6.6535081830559255
127021520,St Johns Park - Wakeley,11197.0,3.6111,873.6653442,1.0,LIVERPOOL,Sydney South-west,5.81628619745362
127021521,Wetherill Park Industrial,0.0,8.5567,,,PROSPECT,Sydney North-west,5.334429561610472
127031522,Casula,16584.0,7.072,936.4672436,2.0,LIVERPOOL,Sydney South-west,2.4318787158657065
127031523,Chipping Norton - Moorebank,20813.0,14.4902,1018.889516,6.0,LIVERPOOL,Sydney South-west,4.25047010199625
127031524,Holsworthy - Wattle Grove,21129.0,73.7001,1063.961293,8.0,LIVERPOOL,Sydney South-west,7.497486686625147
127031599,Lurnea - Cartwright,12670.0,3.4665,770.1721283,1.0,LIVERPOOL,Sydney South-west,1.1475676626931246
127031601,Warwick Farm,5937.0,4.6501,803.0910477,1.0,LIVERPOOL,Sydney South-west,3.4233844155962676
127031730,Edmondson Park,12080.0,6.0563,1047.499205,7.0,LIVERPOOL,Sydney South-west,5.7581331586216296
127031731,Liverpool - East,17536.0,2.2601,849.1048436,1.0,LIVERPOOL,Sydney South-west,1.6444703533851928
127031732,Liverpool - West,13737.0,4.0583,794.6182741,1.0,LIVERPOOL,Sydney South-west,1.0606441738661965
127031733,Prestons,15692.0,9.2311,994.703765,5.0,LIVERPOOL,Sydney South-west,3.443096441450277
128011529,Gymea - Grays Point,18156.0,5.7978,1092.783567,9.0,EARLWOOD,Sydney East,15.128867738261006
128011530,Miranda - Yowie Bay,20705.0,5.9968,1046.285312,7.0,EARLWOOD,Sydney East,13.637753194088402
128011531,Sylvania - Taren Point,16430.0,6.0595,1065.379646,8.0,EARLWOOD,Sydney East,11.349431684108675
128011602,Caringbah,12858.0,3.9959,1041.747521,7.0,EARLWOOD,Sydney East,13.424661994626002
128011603,Caringbah South,13015.0,4.0699,1104.199846,10.0,EARLWOOD,Sydney East,15.407132333091731
128011604,Cronulla - Kurnell - Bundeena,24374.0,25.0865,1076.752841,9.0,RANDWICK,Sydney East,12.326025598321234
128011605,Lilli Pilli - Port Hacking - Dolans Bay,3369.0,1.2706,1125.721258,10.0,EARLWOOD,Sydney East,16.81663981669629
128011606,Woolooware - Burraneer,8947.0,3.3282,1107.566586,10.0,EARLWOOD,Sydney East,15.108854228718508
128021533,Heathcote - Waterfall,6673.0,27.6162,1073.600786,9.0,CAMPBELLTOWN WEST,Sydney South-west,17.606729881833807
128021534,Illawong - Alfords Point,10554.0,7.2978,1094.404445,10.0,LIDCOMBE,Sydney East,12.663496516225024
128021535,Menai - Lucas Heights - Woronora,20927.0,33.4046,1089.987737,9.0,LIVERPOOL,Sydney South-west,13.315856945434952
128021536,Oyster Bay - Como - Jannali,22063.0,8.9053,1098.001511,10.0,EARLWOOD,Sydney East,12.081830144815758
128021537,Royal National Park,0.0,139.3336,,,EARLWOOD,Sydney East,22.59916938437926
128021538,Sutherland - Kirrawee,23238.0,7.755,1049.182373,8.0,EARLWOOD,Sydney East,14.478319167572165
128021607,Engadine,17356.0,8.9538,1081.149969,9.0,LIVERPOOL,Sydney South-west,16.8691466343506
128021608,Loftus - Yarrawarrah,7348.0,3.8436,1096.909644,10.0,EARLWOOD,Sydney East,17.31264576163676
128021609,Woronora Heights,3539.0,3.1374,1117.125789,10.0,LIVERPOOL,Sydney South-west,15.941353548747363
