site_id,site_name,region,crossing_rate,latitude,longitude,catchment_population,catchment_area_km2,catchment_sa2s,catchment_irsd,catchment_mean_km,precision_with_sensor,precision_without_sensor,precision_sensor_gap,recall_with_sensor,recall_without_sensor,recall_sensor_gap
107,LIVERPOOL,Sydney South-west,0.019650384329283413,-33.93132,150.90727,514221,314.0,34,911.4,6.3,0.5802,0.5299,0.0503,0.2965,0.224,0.0724999999999999
1141,LIDCOMBE,Sydney East,0.014323258869908016,-33.88143,151.04676,482724,142.8,33,911.5,4.96,0.3239,0.3876,-0.0636999999999999,0.2615,0.2294,0.0321
760,ST MARYS,Sydney North-west,0.006923964610847545,-33.79512,150.76677,182209,294.3,11,924.1,5.56,0.3061,0.1197,0.1863999999999999,0.4167,0.5278,-0.1111
1148,PROSPECT,Sydney North-west,0.025896160224518433,-33.79424,150.91417,234791,99.8,14,969.6,4.32,0.3268,0.4054,-0.0786,0.2069,0.1108,0.0961
2560,CAMPBELLTOWN WEST,Sydney South-west,0.006299713649379574,-34.06666,150.79558,179119,504.0,11,975.1,6.04,0.3901,0.3769,0.0131999999999999,0.5556,0.4949,0.0606999999999999
919,PARRAMATTA NORTH,Sydney North-west,0.008019573195596031,-33.7995,150.99777,372924,126.6,23,1009.1,4.26,0.2649,0.1736,0.0913,0.339,0.3559,-0.0168999999999999
573,RICHMOND,Sydney North-west,0.016239850093691444,-33.61641,150.74731,63014,2670.8,5,1017.4,7.93,0.2197,0.1715,0.0481999999999999,0.3248,0.3504,-0.0256
206,EARLWOOD,Sydney East,0.01061969015492254,-33.91619,151.13577,613308,156.5,43,1017.9,7.02,0.4825,0.4762,0.0062999999999999,0.4059,0.3529,0.0529999999999999
171,BRINGELLY,Sydney South-west,0.01390134529147982,-33.91766,150.76192,31142,228.3,4,1021.6,6.36,0.2511,0.2454,0.0056999999999999,0.2627,0.2442,0.0184999999999999
1750,PENRITH,Sydney North-west,0.020999320610215554,-33.72687,150.70385,194571,467.9,13,1023.8,10.77,0.3038,0.3234,-0.0196,0.2324,0.1588,0.0736
1570,OAKDALE,Sydney South-west,0.006454978157397144,-34.0517,150.49819,34729,580.4,3,1025.9,14.78,0.2063,0.1336,0.0727,0.2626,0.2929,-0.0302999999999999
2570,CAMDEN,Sydney South-west,0.006235866511341054,-34.04168,150.69013,70479,140.7,6,1048.6,4.72,0.5238,0.5222,0.0016,0.6044,0.5165,0.0879
15,ALEXANDRIA,Sydney East,0.007663922793074085,-33.905317,151.197267,138746,22.4,10,1049.1,1.68,0.5315,0.4386,0.0928999999999999,0.5463,0.463,0.0832999999999999
33,RANDWICK,Sydney East,0.0048896690070210636,-33.93175,151.24278,241445,75.1,18,1058.9,3.96,0.3932,0.2121,0.1810999999999999,0.5897,0.6282,-0.0384999999999999
1001,COOK AND PHILLIP,Sydney East,0.005330135252182024,-33.87288,151.21323,387813,88.2,27,1077.1,5.89,0.3908,0.313,0.0777999999999999,0.425,0.5125,-0.0874999999999999
39,ROZELLE,Sydney East,0.006824850108432198,-33.86433,151.16395,265075,61.0,18,1079.9,3.74,0.4583,0.3077,0.1506,0.514,0.5234,-0.0093999999999999
113,MACQUARIE PARK,Sydney East,0.006991708946912511,-33.76524,151.1178,610064,522.1,39,1080.0,8.59,0.1667,0.1103,0.0563999999999999,0.3097,0.4248,-0.1151
155,ROUSE HILL,Sydney North-west,0.017473921998538304,-33.68275,150.90366,267994,810.1,19,1086.1,6.31,0.2875,0.2423,0.0451999999999999,0.3574,0.3004,0.0569999999999999
